sample	gEBV
PS000026	10.6937398430835
PS000027	16.4025987291044
PS000028	0.78733411230584
PS000031	-1.10394524219297
PS000033	0.384844799209297
PS000034	4.13396374138632
PS000047	-3.01431319700337
PS000048	-1.59612940397867
PS000050	2.68710488150263
PS000051	2.15801568149205
PS000052	0.525085189967537
PS000053	-1.57822247954287
PS000054	-5.69197793968288
PS000055	0.510708807206603
PS000056	0.953593681729555
PS000057	3.88400092855546
PS000063	-2.53880937767759
PS000065	2.83937360129107
PS000066	-0.748552878741009
PS000067	-0.681175828958226
PS000068	-10.269366120925
PS000069	-3.77264645765778
PS000071	-5.0862254563749
PS000072	-2.45917395672361
PS000073	-11.0651238128844
PS000074	-3.75371951011386
PS000075	-0.251609339109275
PS000076	-5.9643118079956
PS000077	-3.59492140908713
PS000078	-1.05498696221819
PS000079	2.14952048941211
PS000081	0.0292078792539146
PS000092	-11.3976542618686
PS000094	-2.07121508249505
PS000095	-5.60507835042591
PS000096	0.985404651827582
PS000097	-0.884727798531542
PS000098	5.47907488166953
PS000100	-9.85531959201971
PS000102	-7.02936688535572
PS000104	-13.8529044811979
PS000105	-4.99093490140247
PS000106	0.307062866163132
PS000107	-2.06706459662758
PS000112	16.4984312071388
PS000113	19.3090940387623
PS000115	1.87618110002121
PS000117	11.4908814229042
PS000118	-8.19302884259881
PS000121	-0.486024284962413
PS000123	-4.19369578303237
PS000124	0.0329990819212842
PS000126	1.80534869877396
PS000127	-6.85629757414704
PS000144	25.1762964884794
PS000164	-1.84915631766691
PS000169	15.3857844791267
PS000173	-2.46151912854559
PS000174	2.54645046332924
PS000175	-3.99789340844259
PS000177	1.31519261037918
PS000178	4.05607791501794
PS000179	4.61003897082497
PS000181	2.19765700140868
PS000182	-3.8256348067052
PS000183	-3.45078358879877
PS000184	-5.08339255602849
PS000185	0.43110996840063
PS000187	-5.70133572085382
PS000188	-1.33598980926349
PS000189	2.33874011019791
PS000191	-13.8402299479427
PS000192	4.15884379285884
PS000193	-10.4812762086739
PS000194	-7.22801918013162
PS000195	-1.59792546622721
PS000196	-5.6514467283475
PS000197	-9.98919849413342
PS000198	-8.65947859270094
PS000200	-1.66292947055091
PS000202	-4.79398687166734
PS000205	-8.08682189650246
PS000210	3.59634252998266
PS000211	-3.69853333937861
PS000212	-0.580414622640085
PS000362	2.34976944478759
PS000367	0.415371380309101
PS000370	4.65432704097741
PS000428	7.27200371300678
PS000433	5.4232063935884
PS000436	6.42061703215649
PS000437	7.06596450201656
PS000440	17.1929633703726
PS000441	7.12882873130004
PS000444	5.68692018422448
PS000566	0.437960608327752
PS000567	-0.820151469443571
PS000568	10.5765266058126
PS000570	0.144077588609326
